Annotated in InterPro,Gene,Entry,TED,ted_range,ted_len,plddt,packing_density,norm_rg,consensus_level,num_segments,num_helix_strand_turn,num_helix_strand,num_helix,num_strand,num_turn,SimChrom-SL,InterPro_link,TED_link,ted_id
NO,HMGXB3,Q12766,TED02,1140-1228_1293-1393_1407-1520,304,88.4846,10.865,0.317,medium,3,50,22,11,11,28,Other families with HMG-box domain,https://www.ebi.ac.uk/interpro/protein/reviewed/Q12766,https://ted.cathdb.info/uniprot/Q12766,AF-Q12766-F1-model_v4_TED02
NO,GTF3C1,Q12789,TED04,790-817_892-1054_1090-1131,233,82.3233,11.951,0.295,medium,3,37,17,12,5,17,General TFs,https://www.ebi.ac.uk/interpro/protein/reviewed/Q12789,https://ted.cathdb.info/uniprot/Q12789,AF-Q12789-F1-model_v4_TED04
NO,HMGXB3,Q12766,TED01,926-1121,196,86.8005,12.195,0.308,high,1,28,15,7,8,11,Other families with HMG-box domain,https://www.ebi.ac.uk/interpro/protein/reviewed/Q12766,https://ted.cathdb.info/uniprot/Q12766,AF-Q12766-F1-model_v4_TED01
NO,TOP3B,O95985,TED06,721-818,98,85.3692,11.458,0.27,medium,1,25,9,1,8,16,DNA-acting enzymes,https://www.ebi.ac.uk/interpro/protein/reviewed/O95985,https://ted.cathdb.info/uniprot/O95985,AF-O95985-F1-model_v4_TED06
NO,RFX6,Q8HWS3,TED02,234-430_440-574,332,86.531,12.57,0.361,high,2,25,16,14,2,8,Non-Housekeeping DNA-binding TFs,https://www.ebi.ac.uk/interpro/protein/reviewed/Q8HWS3,https://ted.cathdb.info/uniprot/Q8HWS3,AF-Q8HWS3-F1-model_v4_TED02
NO,TPR,P12270,TED01,845-906,62,76.4682,10.667,0.53,medium,1,22,2,2,0,20,Centromere-associated,https://www.ebi.ac.uk/interpro/protein/reviewed/P12270,https://ted.cathdb.info/uniprot/P12270,AF-P12270-F1-model_v4_TED01
NO,ZFYVE26,Q68DK2,TED03,1242-1267_1304-1324_1348-1376_1388-1470,159,75.2542,10.905,0.362,medium,4,21,10,10,0,11,DNA repair,https://www.ebi.ac.uk/interpro/protein/reviewed/Q68DK2,https://ted.cathdb.info/uniprot/Q68DK2,AF-Q68DK2-F1-model_v4_TED03
NO,PHIP,Q8WWQ0,TED01,2-121,120,81.6739,9.741,0.34,medium,1,18,7,5,2,11,Histone PTM readers,https://www.ebi.ac.uk/interpro/protein/reviewed/Q8WWQ0,https://ted.cathdb.info/uniprot/Q8WWQ0,AF-Q8WWQ0-F1-model_v4_TED01
NO,RFX1,P22670,TED02,568-754,187,90.3919,11.851,0.308,high,1,18,11,11,0,6,Non-Housekeeping DNA-binding TFs,https://www.ebi.ac.uk/interpro/protein/reviewed/P22670,https://ted.cathdb.info/uniprot/P22670,AF-P22670-F1-model_v4_TED02
NO,RLIM,Q9NVW2,TED02,108-143_318-328_375-404,77,53.6136,9.0,0.343,medium,3,18,6,1,5,11,X-chromosome inactivation,https://www.ebi.ac.uk/interpro/protein/reviewed/Q9NVW2,https://ted.cathdb.info/uniprot/Q9NVW2,AF-Q9NVW2-F1-model_v4_TED02
NO,EXD2,Q9NVH0,TED03,422-487_558-621,130,89.6655,11.731,0.3,medium,2,17,8,6,2,9,DNA-acting enzymes,https://www.ebi.ac.uk/interpro/protein/reviewed/Q9NVH0,https://ted.cathdb.info/uniprot/Q9NVH0,AF-Q9NVH0-F1-model_v4_TED03
NO,CHTF18,Q8WVB6,TED04,726-861,136,81.7064,10.81,0.318,high,1,16,8,6,2,6,DNA-acting enzymes,https://www.ebi.ac.uk/interpro/protein/reviewed/Q8WVB6,https://ted.cathdb.info/uniprot/Q8WVB6,AF-Q8WVB6-F1-model_v4_TED04
NO,ATAD5,Q96QE3,TED02,1491-1525_1633-1672_1704-1761,133,70.9614,11.036,0.349,medium,3,15,8,6,2,6,DNA-acting enzymes,https://www.ebi.ac.uk/interpro/protein/reviewed/Q96QE3,https://ted.cathdb.info/uniprot/Q96QE3,AF-Q96QE3-F1-model_v4_TED02
NO,FBH1,Q8NFZ0,TED05,946-1041,96,87.1484,9.702,0.326,high,1,15,10,5,5,4,DNA-acting enzymes,https://www.ebi.ac.uk/interpro/protein/reviewed/Q8NFZ0,https://ted.cathdb.info/uniprot/Q8NFZ0,AF-Q8NFZ0-F1-model_v4_TED05
NO,ICE1,Q9Y2F5,TED01,1926-2077,152,83.3481,11.986,0.29,medium,1,15,10,10,0,2,Euchromatin-associated,https://www.ebi.ac.uk/interpro/protein/reviewed/Q9Y2F5,https://ted.cathdb.info/uniprot/Q9Y2F5,AF-Q9Y2F5-F1-model_v4_TED01
NO,SETX,Q7Z333,TED01,423-502_531-596,146,74.3027,12.333,0.281,medium,2,14,8,8,0,4,DNA-acting enzymes,https://www.ebi.ac.uk/interpro/protein/reviewed/Q7Z333,https://ted.cathdb.info/uniprot/Q7Z333,AF-Q7Z333-F1-model_v4_TED01
NO,RECQL4,O94761,TED04,1130-1208,79,85.7977,11.816,0.279,high,1,14,5,5,0,9,DNA-acting enzymes,https://www.ebi.ac.uk/interpro/protein/reviewed/O94761,https://ted.cathdb.info/uniprot/O94761,AF-O94761-F1-model_v4_TED04
NO,KDM3B,Q7LBC6,TED03,884-927_935-959,69,83.2919,10.0,0.303,medium,2,14,5,2,3,9,Histone PTM erasers,https://www.ebi.ac.uk/interpro/protein/reviewed/Q7LBC6,https://ted.cathdb.info/uniprot/Q7LBC6,AF-Q7LBC6-F1-model_v4_TED03
NO,SETD1A,O15047,TED01,15-63,49,62.2904,7.364,0.304,medium,1,14,3,0,3,10,Histone PTM writers,https://www.ebi.ac.uk/interpro/protein/reviewed/O15047,https://ted.cathdb.info/uniprot/O15047,AF-O15047-F1-model_v4_TED01
NO,ALKBH4,Q9NXW9,TED01,42-71_191-208_220-236,65,90.434,11.057,0.278,medium,3,13,8,1,7,5,DNA de_methylation,https://www.ebi.ac.uk/interpro/protein/reviewed/Q9NXW9,https://ted.cathdb.info/uniprot/Q9NXW9,AF-Q9NXW9-F1-model_v4_TED01
NO,FBH1,Q8NFZ0,TED01,254-419,166,89.8644,12.312,0.283,high,1,13,9,9,0,4,DNA-acting enzymes,https://www.ebi.ac.uk/interpro/protein/reviewed/Q8NFZ0,https://ted.cathdb.info/uniprot/Q8NFZ0,AF-Q8NFZ0-F1-model_v4_TED01
NO,PAAF1,Q9BRP4,TED01,6-82,77,94.4378,11.444,0.294,high,1,13,8,2,6,5,General TFs,https://www.ebi.ac.uk/interpro/protein/reviewed/Q9BRP4,https://ted.cathdb.info/uniprot/Q9BRP4,AF-Q9BRP4-F1-model_v4_TED01
NO,ZBTB40,Q9NUA8,TED05,577-685,109,68.9117,11.4,0.273,medium,1,13,9,7,2,1,Housekeeping DNA-binding TFs,https://www.ebi.ac.uk/interpro/protein/reviewed/Q9NUA8,https://ted.cathdb.info/uniprot/Q9NUA8,AF-Q9NUA8-F1-model_v4_TED05
NO,RFX8,Q6ZV50,TED02,161-299,139,82.3484,12.047,0.318,high,1,13,7,7,0,5,Non-Housekeeping DNA-binding TFs,https://www.ebi.ac.uk/interpro/protein/reviewed/Q6ZV50,https://ted.cathdb.info/uniprot/Q6ZV50,AF-Q6ZV50-F1-model_v4_TED02
NO,ZRANB3,Q5FWF4,TED04,825-859_898-920_930-949,78,84.8121,11.571,0.305,medium,3,12,4,2,2,6,Chromatin remodelers,https://www.ebi.ac.uk/interpro/protein/reviewed/Q5FWF4,https://ted.cathdb.info/uniprot/Q5FWF4,AF-Q5FWF4-F1-model_v4_TED04
NO,ZFYVE26,Q68DK2,TED02,1070-1097_1106-1136_1155-1222,127,72.938,10.393,0.364,medium,3,12,7,7,0,2,DNA repair,https://www.ebi.ac.uk/interpro/protein/reviewed/Q68DK2,https://ted.cathdb.info/uniprot/Q68DK2,AF-Q68DK2-F1-model_v4_TED02
NO,RBBP6,Q7Z6E9,TED04,188-237,50,80.1472,9.846,0.299,medium,1,12,6,2,4,4,DNA replication,https://www.ebi.ac.uk/interpro/protein/reviewed/Q7Z6E9,https://ted.cathdb.info/uniprot/Q7Z6E9,AF-Q7Z6E9-F1-model_v4_TED04
NO,CHD8,Q9HCK8,TED05,1441-1513_1545-1592,121,80.4736,12.42,0.259,medium,2,12,7,7,0,5,Histone PTM readers,https://www.ebi.ac.uk/interpro/protein/reviewed/Q9HCK8,https://ted.cathdb.info/uniprot/Q9HCK8,AF-Q9HCK8-F1-model_v4_TED05
NO,RFX2,P48378,TED02,344-404_424-518,156,91.3919,11.768,0.318,medium,2,12,6,6,0,6,Non-Housekeeping DNA-binding TFs,https://www.ebi.ac.uk/interpro/protein/reviewed/P48378,https://ted.cathdb.info/uniprot/P48378,AF-P48378-F1-model_v4_TED02
NO,BNC1,Q01954,TED01,64-173,110,86.4126,10.966,0.308,high,1,12,6,6,0,5,Non-Housekeeping DNA-binding TFs,https://www.ebi.ac.uk/interpro/protein/reviewed/Q01954,https://ted.cathdb.info/uniprot/Q01954,AF-Q01954-F1-model_v4_TED01
NO,ZRANB3,Q5FWF4,TED03,736-824,89,87.7561,11.846,0.273,high,1,11,8,5,3,3,Chromatin remodelers,https://www.ebi.ac.uk/interpro/protein/reviewed/Q5FWF4,https://ted.cathdb.info/uniprot/Q5FWF4,AF-Q5FWF4-F1-model_v4_TED03
NO,MPND,Q8N594,TED03,416-471,56,79.1195,9.174,0.296,high,1,11,4,2,2,7,DNA repair,https://www.ebi.ac.uk/interpro/protein/reviewed/Q8N594,https://ted.cathdb.info/uniprot/Q8N594,AF-Q8N594-F1-model_v4_TED03
NO,ATXN7,O15265,TED01,130-169,40,81.8642,9.412,0.303,medium,1,11,5,3,2,5,General TFs,https://www.ebi.ac.uk/interpro/protein/reviewed/O15265,https://ted.cathdb.info/uniprot/O15265,AF-O15265-F1-model_v4_TED01
NO,CABIN1,Q9Y6J0,TED02,259-301_464-523,103,88.1261,11.167,0.28,medium,2,11,4,4,0,7,Histone chaperones,https://www.ebi.ac.uk/interpro/protein/reviewed/Q9Y6J0,https://ted.cathdb.info/uniprot/Q9Y6J0,AF-Q9Y6J0-F1-model_v4_TED02
NO,RFX3,P48380,TED02,323-388_403-475,139,91.1322,11.5,0.317,high,2,11,6,6,0,5,Housekeeping DNA-binding TFs,https://www.ebi.ac.uk/interpro/protein/reviewed/P48380,https://ted.cathdb.info/uniprot/P48380,AF-P48380-F1-model_v4_TED02
NO,FOXR2,Q6PJQ5,TED01,9-54,46,73.955,7.833,0.344,high,1,11,4,4,0,6,Non-Housekeeping DNA-binding TFs,https://www.ebi.ac.uk/interpro/protein/reviewed/Q6PJQ5,https://ted.cathdb.info/uniprot/Q6PJQ5,AF-Q6PJQ5-F1-model_v4_TED01
NO,SETD1B,Q9UPS6,TED01,30-65,36,63.9958,7.867,0.287,medium,1,10,3,0,3,6,Histone PTM writers,https://www.ebi.ac.uk/interpro/protein/reviewed/Q9UPS6,https://ted.cathdb.info/uniprot/Q9UPS6,AF-Q9UPS6-F1-model_v4_TED01
NO,BAP1,Q92560,TED02,236-268_531-572_626-653,103,82.4704,11.122,0.319,medium,3,10,6,4,2,4,Histone modification,https://www.ebi.ac.uk/interpro/protein/reviewed/Q92560,https://ted.cathdb.info/uniprot/Q92560,AF-Q92560-F1-model_v4_TED02
NO,DMTF1,Q9Y222,TED01,127-219,93,78.3163,11.575,0.291,medium,1,10,6,6,0,4,Housekeeping DNA-binding TFs,https://www.ebi.ac.uk/interpro/protein/reviewed/Q9Y222,https://ted.cathdb.info/uniprot/Q9Y222,AF-Q9Y222-F1-model_v4_TED01
NO,ATF6,P18850,TED02,560-599_613-620,48,88.93,9.364,0.328,medium,2,10,4,0,4,6,Housekeeping DNA-binding TFs,https://www.ebi.ac.uk/interpro/protein/reviewed/P18850,https://ted.cathdb.info/uniprot/P18850,AF-P18850-F1-model_v4_TED02
NO,DDX41,Q9UJV9,TED03,571-608,38,61.6192,8.611,0.348,medium,1,10,2,2,0,8,RNA processing,https://www.ebi.ac.uk/interpro/protein/reviewed/Q9UJV9,https://ted.cathdb.info/uniprot/Q9UJV9,AF-Q9UJV9-F1-model_v4_TED03
NO,EPC2,Q52LR7,TED03,434-482,49,74.9047,9.522,0.306,medium,1,9,5,2,3,4,Chromatin remodelers,https://www.ebi.ac.uk/interpro/protein/reviewed/Q52LR7,https://ted.cathdb.info/uniprot/Q52LR7,AF-Q52LR7-F1-model_v4_TED03
NO,EPC1,Q9H2F5,TED03,435-485,51,74.8531,9.273,0.313,medium,1,9,5,2,3,4,Chromatin remodelers,https://www.ebi.ac.uk/interpro/protein/reviewed/Q9H2F5,https://ted.cathdb.info/uniprot/Q9H2F5,AF-Q9H2F5-F1-model_v4_TED03
NO,ZFYVE26,Q68DK2,TED01,872-890_916-1011_1023-1035,128,73.092,10.869,0.304,medium,3,9,7,7,0,1,DNA repair,https://www.ebi.ac.uk/interpro/protein/reviewed/Q68DK2,https://ted.cathdb.info/uniprot/Q68DK2,AF-Q68DK2-F1-model_v4_TED01
NO,OTUD4,Q01804,TED03,660-735,76,66.4125,9.308,0.305,high,1,9,2,2,0,7,DNA repair,https://www.ebi.ac.uk/interpro/protein/reviewed/Q01804,https://ted.cathdb.info/uniprot/Q01804,AF-Q01804-F1-model_v4_TED03
NO,TASOR,Q9UK61,TED03,543-580_605-622,56,63.8173,7.926,0.328,medium,2,9,3,3,0,6,Heterochromatin-associated,https://www.ebi.ac.uk/interpro/protein/reviewed/Q9UK61,https://ted.cathdb.info/uniprot/Q9UK61,AF-Q9UK61-F1-model_v4_TED03
NO,H1-7,Q75WM6,TED01,59-95_104-123,57,80.8749,10.655,0.299,high,2,9,5,2,3,3,Histones,https://www.ebi.ac.uk/interpro/protein/reviewed/Q75WM6,https://ted.cathdb.info/uniprot/Q75WM6,AF-Q75WM6-F1-model_v4_TED01
NO,NFXL1,Q6ZNB6,TED02,733-779,47,76.3883,9.429,0.333,medium,1,9,6,2,4,3,Non-Housekeeping DNA-binding TFs,https://www.ebi.ac.uk/interpro/protein/reviewed/Q6ZNB6,https://ted.cathdb.info/uniprot/Q6ZNB6,AF-Q6ZNB6-F1-model_v4_TED02
NO,TAF1C,Q15572,TED01,83-133_147-155_166-206,101,68.5773,10.315,0.351,high,3,9,3,3,0,5,Regulation of transcription,https://www.ebi.ac.uk/interpro/protein/reviewed/Q15572,https://ted.cathdb.info/uniprot/Q15572,AF-Q15572-F1-model_v4_TED01
NO,KNL1,Q8NG31,TED01,1879-1910_1928-2063,168,82.3636,10.766,0.547,medium,2,8,6,6,0,2,Centromere-associated,https://www.ebi.ac.uk/interpro/protein/reviewed/Q8NG31,https://ted.cathdb.info/uniprot/Q8NG31,AF-Q8NG31-F1-model_v4_TED01
NO,ERCC6L2,Q5T890,TED05,1217-1282,66,74.0703,10.304,0.298,high,1,8,6,4,2,2,Chromatin remodelers,https://www.ebi.ac.uk/interpro/protein/reviewed/Q5T890,https://ted.cathdb.info/uniprot/Q5T890,AF-Q5T890-F1-model_v4_TED05
NO,DMAP1,Q9NPF5,TED01,94-128,35,87.0194,8.1,0.267,medium,1,8,2,0,2,6,Chromatin remodelers,https://www.ebi.ac.uk/interpro/protein/reviewed/Q9NPF5,https://ted.cathdb.info/uniprot/Q9NPF5,AF-Q9NPF5-F1-model_v4_TED01
NO,MORC3,Q14149,TED04,897-938,42,83.2414,10.043,0.281,medium,1,8,2,2,0,6,Histone PTM readers,https://www.ebi.ac.uk/interpro/protein/reviewed/Q14149,https://ted.cathdb.info/uniprot/Q14149,AF-Q14149-F1-model_v4_TED04
NO,TP53BP1,Q12888,TED01,1239-1270,32,84.2325,8.333,0.317,high,1,8,3,0,3,5,Histone PTM readers,https://www.ebi.ac.uk/interpro/protein/reviewed/Q12888,https://ted.cathdb.info/uniprot/Q12888,AF-Q12888-F1-model_v4_TED01
NO,KMT5B,Q4FZB7,TED02,705-722_742-764,41,48.3007,8.688,0.326,medium,2,8,4,0,4,3,Histone PTM writers,https://www.ebi.ac.uk/interpro/protein/reviewed/Q4FZB7,https://ted.cathdb.info/uniprot/Q4FZB7,AF-Q4FZB7-F1-model_v4_TED02
NO,JADE2,Q9NQC1,TED01,142-189_396-448,101,88.1623,11.4,0.304,high,2,8,6,6,0,2,Histone modification,https://www.ebi.ac.uk/interpro/protein/reviewed/Q9NQC1,https://ted.cathdb.info/uniprot/Q9NQC1,AF-Q9NQC1-F1-model_v4_TED01
NO,RLF,Q13129,TED03,287-383,97,89.9441,12.295,0.315,medium,1,8,6,6,0,2,Housekeeping DNA-binding TFs,https://www.ebi.ac.uk/interpro/protein/reviewed/Q13129,https://ted.cathdb.info/uniprot/Q13129,AF-Q13129-F1-model_v4_TED03
NO,FOXJ2,Q9P0K8,TED02,419-480,62,77.7745,12.091,0.272,high,1,8,4,4,0,4,Housekeeping DNA-binding TFs,https://www.ebi.ac.uk/interpro/protein/reviewed/Q9P0K8,https://ted.cathdb.info/uniprot/Q9P0K8,AF-Q9P0K8-F1-model_v4_TED02
NO,RLF,Q13129,TED02,187-274,88,86.1516,11.439,0.276,medium,1,8,5,5,0,3,Housekeeping DNA-binding TFs,https://www.ebi.ac.uk/interpro/protein/reviewed/Q13129,https://ted.cathdb.info/uniprot/Q13129,AF-Q13129-F1-model_v4_TED02
NO,RLF,Q13129,TED04,388-439_447-486,92,82.8264,10.886,0.281,medium,2,8,5,5,0,3,Housekeeping DNA-binding TFs,https://www.ebi.ac.uk/interpro/protein/reviewed/Q13129,https://ted.cathdb.info/uniprot/Q13129,AF-Q13129-F1-model_v4_TED04
NO,ZBTB40,Q9NUA8,TED09,1190-1207_1218-1239,40,55.4397,8.435,0.3,medium,2,8,4,2,2,4,Housekeeping DNA-binding TFs,https://www.ebi.ac.uk/interpro/protein/reviewed/Q9NUA8,https://ted.cathdb.info/uniprot/Q9NUA8,AF-Q9NUA8-F1-model_v4_TED09
NO,ATF6B,Q99941,TED02,587-624_644-649,44,88.3477,8.4,0.315,medium,2,8,4,0,4,4,Housekeeping DNA-binding TFs,https://www.ebi.ac.uk/interpro/protein/reviewed/Q99941,https://ted.cathdb.info/uniprot/Q99941,AF-Q99941-F1-model_v4_TED02
NO,ST18,O60284,TED02,959-1044,86,83.0534,10.583,0.416,high,1,8,3,3,0,4,Non-Housekeeping DNA-binding TFs,https://www.ebi.ac.uk/interpro/protein/reviewed/O60284,https://ted.cathdb.info/uniprot/O60284,AF-O60284-F1-model_v4_TED02
NO,HIC1,Q14526,TED04,653-733,81,61.5211,10.326,0.298,medium,1,8,4,4,0,3,Non-Housekeeping DNA-binding TFs,https://www.ebi.ac.uk/interpro/protein/reviewed/Q14526,https://ted.cathdb.info/uniprot/Q14526,AF-Q14526-F1-model_v4_TED04
NO,PDE3A,Q14432,TED01,133-179_193-259,114,72.1366,10.627,0.302,high,2,8,6,6,0,2,Nuclear hormone receptors,https://www.ebi.ac.uk/interpro/protein/reviewed/Q14432,https://ted.cathdb.info/uniprot/Q14432,AF-Q14432-F1-model_v4_TED01
NO,HMG20A,Q9NP66,TED02,281-345,65,88.1746,11.233,0.282,medium,1,8,4,4,0,4,Other families with HMG-box domain,https://www.ebi.ac.uk/interpro/protein/reviewed/Q9NP66,https://ted.cathdb.info/uniprot/Q9NP66,AF-Q9NP66-F1-model_v4_TED02
NO,SRFBP1,Q8NEF9,TED01,10-135,126,91.0063,11.621,0.385,high,1,8,6,6,0,1,Preribosome-associated,https://www.ebi.ac.uk/interpro/protein/reviewed/Q8NEF9,https://ted.cathdb.info/uniprot/Q8NEF9,AF-Q8NEF9-F1-model_v4_TED01
NO,RAD54L2,Q9Y4B4,TED03,1061-1076_1094-1114,37,82.737,9.235,0.326,medium,2,7,4,1,3,3,Chromatin remodelers,https://www.ebi.ac.uk/interpro/protein/reviewed/Q9Y4B4,https://ted.cathdb.info/uniprot/Q9Y4B4,AF-Q9Y4B4-F1-model_v4_TED03
NO,SIN3A,Q96ST3,TED06,1192-1265,74,81.1858,8.6,0.397,medium,1,7,4,2,2,3,DNA replication,https://www.ebi.ac.uk/interpro/protein/reviewed/Q96ST3,https://ted.cathdb.info/uniprot/Q96ST3,AF-Q96ST3-F1-model_v4_TED06
NO,MRE11,P49959,TED03,445-536,92,76.9113,11.897,0.334,high,1,7,4,4,0,1,DNA-acting enzymes,https://www.ebi.ac.uk/interpro/protein/reviewed/P49959,https://ted.cathdb.info/uniprot/P49959,AF-P49959-F1-model_v4_TED03
NO,ZGLP1,P0C6A0,TED01,2-10_136-168,42,79.6914,7.682,0.324,medium,2,7,3,0,3,4,Non-Housekeeping DNA-binding TFs,https://www.ebi.ac.uk/interpro/protein/reviewed/P0C6A0,https://ted.cathdb.info/uniprot/P0C6A0,AF-P0C6A0-F1-model_v4_TED01
NO,HMG20B,Q9P0W2,TED02,249-315,67,92.0475,11.028,0.291,medium,1,7,4,4,0,3,Other families with HMG-box domain,https://www.ebi.ac.uk/interpro/protein/reviewed/Q9P0W2,https://ted.cathdb.info/uniprot/Q9P0W2,AF-Q9P0W2-F1-model_v4_TED02
NO,PNN,Q9H307,TED02,232-309,78,76.7432,9.0,0.602,medium,1,7,4,2,2,2,RNA processing,https://www.ebi.ac.uk/interpro/protein/reviewed/Q9H307,https://ted.cathdb.info/uniprot/Q9H307,AF-Q9H307-F1-model_v4_TED02
NO,LSM11,P83369,TED01,23-66,44,81.058,8.0,0.385,high,1,7,2,2,0,5,RNA processing,https://www.ebi.ac.uk/interpro/protein/reviewed/P83369,https://ted.cathdb.info/uniprot/P83369,AF-P83369-F1-model_v4_TED01
NO,CFDP1,Q9UEE9,TED01,164-195_241-256,48,76.8652,8.778,0.324,medium,2,6,3,1,2,3,Centromere-associated,https://www.ebi.ac.uk/interpro/protein/reviewed/Q9UEE9,https://ted.cathdb.info/uniprot/Q9UEE9,AF-Q9UEE9-F1-model_v4_TED01
NO,ICE2,Q659A1,TED01,85-118_128-160_909-931,90,87.4582,10.462,0.29,medium,3,6,3,3,0,3,Euchromatin-associated,https://www.ebi.ac.uk/interpro/protein/reviewed/Q659A1,https://ted.cathdb.info/uniprot/Q659A1,AF-Q659A1-F1-model_v4_TED01
NO,TADA2A,O75478,TED03,236-289,54,91.495,9.773,0.342,medium,1,6,4,4,0,2,Histone modification,https://www.ebi.ac.uk/interpro/protein/reviewed/O75478,https://ted.cathdb.info/uniprot/O75478,AF-O75478-F1-model_v4_TED03
NO,NFX1,Q12986,TED03,855-868_884-909,40,78.37,8.714,0.322,medium,2,6,3,1,2,3,Housekeeping DNA-binding TFs,https://www.ebi.ac.uk/interpro/protein/reviewed/Q12986,https://ted.cathdb.info/uniprot/Q12986,AF-Q12986-F1-model_v4_TED03
NO,ZNF518B,Q9C0D4,TED01,943-989,47,50.427,7.762,0.398,medium,1,6,3,3,0,3,Housekeeping DNA-binding TFs,https://www.ebi.ac.uk/interpro/protein/reviewed/Q9C0D4,https://ted.cathdb.info/uniprot/Q9C0D4,AF-Q9C0D4-F1-model_v4_TED01
NO,MYT1L,Q9UL68,TED01,1068-1180,113,86.7865,10.525,0.65,medium,1,6,4,4,0,2,Non-Housekeeping DNA-binding TFs,https://www.ebi.ac.uk/interpro/protein/reviewed/Q9UL68,https://ted.cathdb.info/uniprot/Q9UL68,AF-Q9UL68-F1-model_v4_TED01
NO,NFE2L3,Q9Y4A8,TED02,658-683,26,78.2746,8.462,0.304,medium,1,6,3,1,2,3,Non-Housekeeping DNA-binding TFs,https://www.ebi.ac.uk/interpro/protein/reviewed/Q9Y4A8,https://ted.cathdb.info/uniprot/Q9Y4A8,AF-Q9Y4A8-F1-model_v4_TED02
NO,NRF1,Q16656,TED03,308-332,25,48.1584,8.143,0.272,medium,1,6,3,0,3,3,Pioneer TFs,https://www.ebi.ac.uk/interpro/protein/reviewed/Q16656,https://ted.cathdb.info/uniprot/Q16656,AF-Q16656-F1-model_v4_TED03
NO,CEBPZ,Q03701,TED02,790-825,36,79.1767,9.6,0.269,medium,1,6,2,2,0,4,Regulation of transcription,https://www.ebi.ac.uk/interpro/protein/reviewed/Q03701,https://ted.cathdb.info/uniprot/Q03701,AF-Q03701-F1-model_v4_TED02
NO,ASCC3,Q8N3C0,TED02,246-292,47,81.0232,11.348,0.254,medium,1,5,3,3,0,2,DNA-acting enzymes,https://www.ebi.ac.uk/interpro/protein/reviewed/Q8N3C0,https://ted.cathdb.info/uniprot/Q8N3C0,AF-Q8N3C0-F1-model_v4_TED02
NO,ATXN7L3,Q14CW9,TED01,12-60,49,86.1778,9.381,0.486,high,1,5,2,2,0,3,General TFs,https://www.ebi.ac.uk/interpro/protein/reviewed/Q14CW9,https://ted.cathdb.info/uniprot/Q14CW9,AF-Q14CW9-F1-model_v4_TED01
NO,PWWP2A,Q96N64,TED01,164-193,30,88.827,9.056,0.313,medium,1,5,3,0,3,2,Histone PTM readers,https://www.ebi.ac.uk/interpro/protein/reviewed/Q96N64,https://ted.cathdb.info/uniprot/Q96N64,AF-Q96N64-F1-model_v4_TED01
NO,CABIN1,Q9Y6J0,TED08,1854-1917,64,83.6878,11.125,0.291,medium,1,5,4,4,0,1,Histone chaperones,https://www.ebi.ac.uk/interpro/protein/reviewed/Q9Y6J0,https://ted.cathdb.info/uniprot/Q9Y6J0,AF-Q9Y6J0-F1-model_v4_TED08
NO,RSBN1,Q5VWQ0,TED01,310-339,30,49.6043,6.692,0.303,medium,1,5,1,1,0,3,Histone modification,https://www.ebi.ac.uk/interpro/protein/reviewed/Q5VWQ0,https://ted.cathdb.info/uniprot/Q5VWQ0,AF-Q5VWQ0-F1-model_v4_TED01
NO,CC2D1A,Q6P1N0,TED07,850-951,102,92.028,10.818,0.325,medium,1,5,4,4,0,0,Housekeeping DNA-binding TFs,https://www.ebi.ac.uk/interpro/protein/reviewed/Q6P1N0,https://ted.cathdb.info/uniprot/Q6P1N0,AF-Q6P1N0-F1-model_v4_TED07
NO,RFX5,P48382,TED02,198-249,52,87.1802,9.778,0.313,high,1,5,3,3,0,2,Housekeeping DNA-binding TFs,https://www.ebi.ac.uk/interpro/protein/reviewed/P48382,https://ted.cathdb.info/uniprot/P48382,AF-P48382-F1-model_v4_TED02
NO,NFXL1,Q6ZNB6,TED03,795-832,38,71.5276,9.778,0.337,medium,1,5,4,2,2,1,Non-Housekeeping DNA-binding TFs,https://www.ebi.ac.uk/interpro/protein/reviewed/Q6ZNB6,https://ted.cathdb.info/uniprot/Q6ZNB6,AF-Q6ZNB6-F1-model_v4_TED03
NO,ZNF628,Q5EBL2,TED03,920-951,32,51.3244,9.133,0.321,high,1,5,3,0,3,2,Non-Housekeeping DNA-binding TFs,https://www.ebi.ac.uk/interpro/protein/reviewed/Q5EBL2,https://ted.cathdb.info/uniprot/Q5EBL2,AF-Q5EBL2-F1-model_v4_TED03
NO,DPRX,A6NFQ7,TED02,130-166,37,67.2027,7.3,0.289,high,1,5,3,0,3,1,Non-Housekeeping DNA-binding TFs,https://www.ebi.ac.uk/interpro/protein/reviewed/A6NFQ7,https://ted.cathdb.info/uniprot/A6NFQ7,AF-A6NFQ7-F1-model_v4_TED02
NO,SOX13,Q9UN79,TED03,499-526,28,85.8768,9.5,0.287,medium,1,5,3,1,2,2,Other families with HMG-box domain,https://www.ebi.ac.uk/interpro/protein/reviewed/Q9UN79,https://ted.cathdb.info/uniprot/Q9UN79,AF-Q9UN79-F1-model_v4_TED03
NO,HMGXB4,Q9UGU5,TED02,522-598,77,82.7596,9.432,0.381,medium,1,5,4,4,0,0,Other families with HMG-box domain,https://www.ebi.ac.uk/interpro/protein/reviewed/Q9UGU5,https://ted.cathdb.info/uniprot/Q9UGU5,AF-Q9UGU5-F1-model_v4_TED02
NO,UVSSA,Q2YD98,TED04,608-642,35,74.1297,8.833,0.362,medium,1,4,2,2,0,2,DNA repair,https://www.ebi.ac.uk/interpro/protein/reviewed/Q2YD98,https://ted.cathdb.info/uniprot/Q2YD98,AF-Q2YD98-F1-model_v4_TED04
NO,EXD2,Q9NVH0,TED04,494-553,60,93.911,11.542,0.298,high,1,4,3,3,0,1,DNA-acting enzymes,https://www.ebi.ac.uk/interpro/protein/reviewed/Q9NVH0,https://ted.cathdb.info/uniprot/Q9NVH0,AF-Q9NVH0-F1-model_v4_TED04
NO,RBBP8,Q99708,TED01,804-836,33,80.7345,8.5,0.283,medium,1,4,3,3,0,1,DNA-acting enzymes,https://www.ebi.ac.uk/interpro/protein/reviewed/Q99708,https://ted.cathdb.info/uniprot/Q99708,AF-Q99708-F1-model_v4_TED01
NO,CXXC1,Q9P0U4,TED03,373-418,46,90.0946,9.25,0.385,medium,1,4,1,1,0,3,Histone PTM readers,https://www.ebi.ac.uk/interpro/protein/reviewed/Q9P0U4,https://ted.cathdb.info/uniprot/Q9P0U4,AF-Q9P0U4-F1-model_v4_TED03
NO,BRPF3,Q9ULD4,TED02,160-172_179-203_497-520,62,87.3732,10.519,0.289,medium,3,4,3,3,0,1,Histone modification,https://www.ebi.ac.uk/interpro/protein/reviewed/Q9ULD4,https://ted.cathdb.info/uniprot/Q9ULD4,AF-Q9ULD4-F1-model_v4_TED02
NO,KAT14,Q9H8E8,TED02,466-520,55,82.1416,9.3,0.326,high,1,4,4,4,0,0,Histone modification,https://www.ebi.ac.uk/interpro/protein/reviewed/Q9H8E8,https://ted.cathdb.info/uniprot/Q9H8E8,AF-Q9H8E8-F1-model_v4_TED02
NO,TADA2A,O75478,TED04,298-346,49,84.4922,9.214,0.372,high,1,4,2,2,0,2,Histone modification,https://www.ebi.ac.uk/interpro/protein/reviewed/O75478,https://ted.cathdb.info/uniprot/O75478,AF-O75478-F1-model_v4_TED04
NO,FOXJ3,Q9UPW0,TED02,461-468_482-519,46,81.035,11.333,0.265,high,2,4,3,3,0,1,Housekeeping DNA-binding TFs,https://www.ebi.ac.uk/interpro/protein/reviewed/Q9UPW0,https://ted.cathdb.info/uniprot/Q9UPW0,AF-Q9UPW0-F1-model_v4_TED02
NO,E4F1,Q66K89,TED02,628-646_656-695_710-732,82,62.7438,10.146,0.309,high,3,4,2,2,0,2,Housekeeping DNA-binding TFs,https://www.ebi.ac.uk/interpro/protein/reviewed/Q66K89,https://ted.cathdb.info/uniprot/Q66K89,AF-Q66K89-F1-model_v4_TED02
NO,NFE2L1,Q14494,TED01,736-766,31,75.1174,8.769,0.308,medium,1,4,3,1,2,1,Housekeeping DNA-binding TFs,https://www.ebi.ac.uk/interpro/protein/reviewed/Q14494,https://ted.cathdb.info/uniprot/Q14494,AF-Q14494-F1-model_v4_TED01
NO,CHTOP,Q9Y3Y2,TED01,19-62,44,79.8677,8.438,0.437,medium,1,4,2,2,0,0,Methylated DNA binding,https://www.ebi.ac.uk/interpro/protein/reviewed/Q9Y3Y2,https://ted.cathdb.info/uniprot/Q9Y3Y2,AF-Q9Y3Y2-F1-model_v4_TED01
NO,SUGP2,Q8IX01,TED02,507-544,38,83.1197,8.318,0.312,medium,1,4,2,2,0,2,RNA processing,https://www.ebi.ac.uk/interpro/protein/reviewed/Q8IX01,https://ted.cathdb.info/uniprot/Q8IX01,AF-Q8IX01-F1-model_v4_TED02
NO,TOX4,O94842,TED02,580-612,33,92.8639,9.071,0.336,medium,1,4,1,1,0,3,Telomere-associated,https://www.ebi.ac.uk/interpro/protein/reviewed/O94842,https://ted.cathdb.info/uniprot/O94842,AF-O94842-F1-model_v4_TED02
NO,FAM111B,Q6SJ93,TED02,384-440,57,76.5339,9.5,0.321,high,1,3,3,3,0,0,DNA replication,https://www.ebi.ac.uk/interpro/protein/reviewed/Q6SJ93,https://ted.cathdb.info/uniprot/Q6SJ93,AF-Q6SJ93-F1-model_v4_TED02
NO,BAZ1B,Q9UIG0,TED01,492-539,48,88.0556,9.833,0.287,medium,1,3,3,3,0,0,Histone PTM writers,https://www.ebi.ac.uk/interpro/protein/reviewed/Q9UIG0,https://ted.cathdb.info/uniprot/Q9UIG0,AF-Q9UIG0-F1-model_v4_TED01
NO,SETDB1,Q15047,TED01,23-90,68,84.7034,9.483,0.523,medium,1,3,3,3,0,0,Histone PTM writers,https://www.ebi.ac.uk/interpro/protein/reviewed/Q15047,https://ted.cathdb.info/uniprot/Q15047,AF-Q15047-F1-model_v4_TED01
NO,SETBP1,Q9Y6X0,TED01,1404-1438,35,79.3466,9.5,0.377,medium,1,3,3,3,0,0,Histone modification,https://www.ebi.ac.uk/interpro/protein/reviewed/Q9Y6X0,https://ted.cathdb.info/uniprot/Q9Y6X0,AF-Q9Y6X0-F1-model_v4_TED01
NO,DMBX1,Q8NFW5,TED01,2-36,35,65.65,8.6,0.435,medium,1,3,1,1,0,2,Non-Housekeeping DNA-binding TFs,https://www.ebi.ac.uk/interpro/protein/reviewed/Q8NFW5,https://ted.cathdb.info/uniprot/Q8NFW5,AF-Q8NFW5-F1-model_v4_TED01
NO,UBN1,Q9NPG3,TED01,98-128_148-153,37,77.8305,7.25,0.385,medium,2,2,2,2,0,0,Histone chaperones,https://www.ebi.ac.uk/interpro/protein/reviewed/Q9NPG3,https://ted.cathdb.info/uniprot/Q9NPG3,AF-Q9NPG3-F1-model_v4_TED01
NO,GRHL1,Q9NZI5,TED01,28-56,29,88.3972,8.538,0.35,medium,1,2,2,2,0,0,Non-Housekeeping DNA-binding TFs,https://www.ebi.ac.uk/interpro/protein/reviewed/Q9NZI5,https://ted.cathdb.info/uniprot/Q9NZI5,AF-Q9NZI5-F1-model_v4_TED01
NO,SPDL1,Q96EA4,TED01,21-26_35-154_165-248_261-349_392-438,346,89.6195,9.542,0.661,medium,5,1,1,1,0,0,Centromere-associated,https://www.ebi.ac.uk/interpro/protein/reviewed/Q96EA4,https://ted.cathdb.info/uniprot/Q96EA4,AF-Q96EA4-F1-model_v4_TED01
NO,SPAG5,Q96R06,TED01,490-782,293,91.7363,9.526,1.712,medium,1,1,1,1,0,0,Centromere-associated,https://www.ebi.ac.uk/interpro/protein/reviewed/Q96R06,https://ted.cathdb.info/uniprot/Q96R06,AF-Q96R06-F1-model_v4_TED01
NO,FOXP4,Q8IVH2,TED01,125-157_185-192,41,75.3134,8.8,0.367,medium,2,1,1,1,0,0,Housekeeping DNA-binding TFs,https://www.ebi.ac.uk/interpro/protein/reviewed/Q8IVH2,https://ted.cathdb.info/uniprot/Q8IVH2,AF-Q8IVH2-F1-model_v4_TED01
YES,KLF18,A0A0U1RQI7,TED01,654-887,234,64.5004,11.821,0.408,medium,1,35,16,0,16,19,Non-Housekeeping DNA-binding TFs,https://www.ebi.ac.uk/interpro/protein/reviewed/A0A0U1RQI7,https://ted.cathdb.info/uniprot/A0A0U1RQI7,AF-A0A0U1RQI7-F1-model_v4_TED01
YES,ZNF451,Q9Y4E5,TED01,201-313_349-410,175,82.7614,11.543,0.292,high,2,30,15,7,8,12,Housekeeping DNA-binding TFs,https://www.ebi.ac.uk/interpro/protein/reviewed/Q9Y4E5,https://ted.cathdb.info/uniprot/Q9Y4E5,AF-Q9Y4E5-F1-model_v4_TED01
YES,DCTN1,Q14203,TED02,602-921,320,90.6784,12.308,0.305,medium,1,28,13,11,2,14,Centromere-associated,https://www.ebi.ac.uk/interpro/protein/reviewed/Q14203,https://ted.cathdb.info/uniprot/Q14203,AF-Q14203-F1-model_v4_TED02
YES,ANKLE1,Q8NAG6,TED02,409-611,203,88.5037,11.811,0.308,high,1,27,17,13,4,10,DNA-acting enzymes,https://www.ebi.ac.uk/interpro/protein/reviewed/Q8NAG6,https://ted.cathdb.info/uniprot/Q8NAG6,AF-Q8NAG6-F1-model_v4_TED02
YES,TAF1B,Q53T94,TED03,299-415_493-576,201,87.702,12.402,0.307,medium,2,26,13,9,4,12,Regulation of transcription,https://www.ebi.ac.uk/interpro/protein/reviewed/Q53T94,https://ted.cathdb.info/uniprot/Q53T94,AF-Q53T94-F1-model_v4_TED03
YES,ZNF330,Q9Y3S2,TED01,30-119,90,90.8453,10.556,0.307,high,1,24,10,4,6,14,Centromere-associated,https://www.ebi.ac.uk/interpro/protein/reviewed/Q9Y3S2,https://ted.cathdb.info/uniprot/Q9Y3S2,AF-Q9Y3S2-F1-model_v4_TED01
YES,ADNP2,Q6IQ32,TED03,729-796_819-860,110,84.487,11.732,0.284,high,2,24,12,3,9,11,Housekeeping DNA-binding TFs,https://www.ebi.ac.uk/interpro/protein/reviewed/Q6IQ32,https://ted.cathdb.info/uniprot/Q6IQ32,AF-Q6IQ32-F1-model_v4_TED03
YES,ZC3H7B,Q9UGR2,TED03,540-670,131,84.0202,11.429,0.306,high,1,24,11,6,5,13,RNA processing,https://www.ebi.ac.uk/interpro/protein/reviewed/Q9UGR2,https://ted.cathdb.info/uniprot/Q9UGR2,AF-Q9UGR2-F1-model_v4_TED03
YES,THAP9,Q9H5L6,TED05,693-853,161,67.1795,11.189,0.293,high,1,23,9,7,2,13,DNA-acting enzymes,https://www.ebi.ac.uk/interpro/protein/reviewed/Q9H5L6,https://ted.cathdb.info/uniprot/Q9H5L6,AF-Q9H5L6-F1-model_v4_TED05
YES,ZFHX2,Q9C0A1,TED04,716-796_818-847,111,82.4056,10.2,0.36,medium,2,23,12,5,7,11,Non-Housekeeping DNA-binding TFs,https://www.ebi.ac.uk/interpro/protein/reviewed/Q9C0A1,https://ted.cathdb.info/uniprot/Q9C0A1,AF-Q9C0A1-F1-model_v4_TED04
YES,BAZ1A,Q9NRL2,TED02,422-500_515-647,212,89.5464,12.204,0.322,medium,2,21,13,13,0,8,Chromatin remodelers,https://www.ebi.ac.uk/interpro/protein/reviewed/Q9NRL2,https://ted.cathdb.info/uniprot/Q9NRL2,AF-Q9NRL2-F1-model_v4_TED02
YES,BAZ1B,Q9UIG0,TED02,602-700_725-776,151,88.1868,11.88,0.311,medium,2,21,12,10,2,9,Histone PTM writers,https://www.ebi.ac.uk/interpro/protein/reviewed/Q9UIG0,https://ted.cathdb.info/uniprot/Q9UIG0,AF-Q9UIG0-F1-model_v4_TED02
YES,ADNP,Q9H2P0,TED03,472-570,99,79.6178,11.61,0.283,high,1,21,11,3,8,8,Housekeeping DNA-binding TFs,https://www.ebi.ac.uk/interpro/protein/reviewed/Q9H2P0,https://ted.cathdb.info/uniprot/Q9H2P0,AF-Q9H2P0-F1-model_v4_TED03
YES,CARF,Q8N187,TED01,204-293_311-375,155,89.4497,11.101,0.346,high,2,21,11,4,7,10,Housekeeping DNA-binding TFs,https://www.ebi.ac.uk/interpro/protein/reviewed/Q8N187,https://ted.cathdb.info/uniprot/Q8N187,AF-Q8N187-F1-model_v4_TED01
YES,ZC3H7B,Q9UGR2,TED02,410-525,116,81.806,10.195,0.291,high,1,21,7,4,3,13,RNA processing,https://www.ebi.ac.uk/interpro/protein/reviewed/Q9UGR2,https://ted.cathdb.info/uniprot/Q9UGR2,AF-Q9UGR2-F1-model_v4_TED02
YES,ERVK-11,Q9UQG0,TED08,882-969,88,40.9887,7.34,0.342,medium,1,20,4,0,4,11,DNA-acting enzymes,https://www.ebi.ac.uk/interpro/protein/reviewed/Q9UQG0,https://ted.cathdb.info/uniprot/Q9UQG0,AF-Q9UQG0-F1-model_v4_TED08
YES,CSRNP2,Q9H175,TED01,71-213,143,89.9852,10.161,0.363,high,1,20,9,7,2,9,Housekeeping DNA-binding TFs,https://www.ebi.ac.uk/interpro/protein/reviewed/Q9H175,https://ted.cathdb.info/uniprot/Q9H175,AF-Q9H175-F1-model_v4_TED01
YES,ZC3H7B,Q9UGR2,TED04,692-810,119,85.5951,11.383,0.305,high,1,19,7,4,3,11,RNA processing,https://www.ebi.ac.uk/interpro/protein/reviewed/Q9UGR2,https://ted.cathdb.info/uniprot/Q9UGR2,AF-Q9UGR2-F1-model_v4_TED04
YES,RSF1,Q96T23,TED01,13-55_64-152,132,87.9255,11.2,0.3,medium,2,18,10,10,0,6,Chromatin remodelers,https://www.ebi.ac.uk/interpro/protein/reviewed/Q96T23,https://ted.cathdb.info/uniprot/Q96T23,AF-Q96T23-F1-model_v4_TED01
YES,INO80D,Q53TQ3,TED01,10-83,74,87.842,9.667,0.334,medium,1,18,6,2,4,11,Telomere-associated,https://www.ebi.ac.uk/interpro/protein/reviewed/Q53TQ3,https://ted.cathdb.info/uniprot/Q53TQ3,AF-Q53TQ3-F1-model_v4_TED01
YES,POGZ,Q7Z3K3,TED02,752-847,96,73.1839,9.3,0.314,medium,1,17,8,3,5,8,DNA repair,https://www.ebi.ac.uk/interpro/protein/reviewed/Q7Z3K3,https://ted.cathdb.info/uniprot/Q7Z3K3,AF-Q7Z3K3-F1-model_v4_TED02
YES,CSRNP1,Q96S65,TED01,87-226,140,85.8842,9.634,0.344,medium,1,17,10,6,4,6,Housekeeping DNA-binding TFs,https://www.ebi.ac.uk/interpro/protein/reviewed/Q96S65,https://ted.cathdb.info/uniprot/Q96S65,AF-Q96S65-F1-model_v4_TED01
YES,CSRNP1,Q96S65,TED02,237-311,75,88.5897,9.407,0.462,medium,1,17,7,2,5,9,Housekeeping DNA-binding TFs,https://www.ebi.ac.uk/interpro/protein/reviewed/Q96S65,https://ted.cathdb.info/uniprot/Q96S65,AF-Q96S65-F1-model_v4_TED02
YES,CSRNP3,Q8WYN3,TED02,215-280,66,93.795,9.423,0.414,medium,1,17,7,2,5,9,Non-Housekeeping DNA-binding TFs,https://www.ebi.ac.uk/interpro/protein/reviewed/Q8WYN3,https://ted.cathdb.info/uniprot/Q8WYN3,AF-Q8WYN3-F1-model_v4_TED02
YES,CSRNP2,Q9H175,TED02,214-286,73,88.8305,9.034,0.434,medium,1,16,6,2,4,9,Housekeeping DNA-binding TFs,https://www.ebi.ac.uk/interpro/protein/reviewed/Q9H175,https://ted.cathdb.info/uniprot/Q9H175,AF-Q9H175-F1-model_v4_TED02
YES,MBD3L2,Q8NHZ7,TED01,26-207,182,64.9771,6.556,0.489,medium,1,16,4,4,0,7,Methylated DNA binding,https://www.ebi.ac.uk/interpro/protein/reviewed/Q8NHZ7,https://ted.cathdb.info/uniprot/Q8NHZ7,AF-Q8NHZ7-F1-model_v4_TED01
YES,ZFAT,Q9P243,TED02,457-510_714-762,103,81.0032,10.378,0.296,medium,2,16,11,5,6,5,Non-Housekeeping DNA-binding TFs,https://www.ebi.ac.uk/interpro/protein/reviewed/Q9P243,https://ted.cathdb.info/uniprot/Q9P243,AF-Q9P243-F1-model_v4_TED02
YES,CSRNP3,Q8WYN3,TED01,66-211,146,89.2645,10.377,0.369,medium,1,16,10,8,2,6,Non-Housekeeping DNA-binding TFs,https://www.ebi.ac.uk/interpro/protein/reviewed/Q8WYN3,https://ted.cathdb.info/uniprot/Q8WYN3,AF-Q8WYN3-F1-model_v4_TED01
YES,BAZ1A,Q9NRL2,TED01,2-80,79,89.1494,10.303,0.312,medium,1,15,7,2,5,8,Chromatin remodelers,https://www.ebi.ac.uk/interpro/protein/reviewed/Q9NRL2,https://ted.cathdb.info/uniprot/Q9NRL2,AF-Q9NRL2-F1-model_v4_TED01
YES,TASOR,Q9UK61,TED04,1232-1319,88,85.6655,11.231,0.283,medium,1,15,9,5,4,6,Heterochromatin-associated,https://www.ebi.ac.uk/interpro/protein/reviewed/Q9UK61,https://ted.cathdb.info/uniprot/Q9UK61,AF-Q9UK61-F1-model_v4_TED04
YES,WRN,Q14191,TED06,1260-1356,97,86.1359,11.444,0.293,high,1,14,7,7,0,6,DNA-acting enzymes,https://www.ebi.ac.uk/interpro/protein/reviewed/Q14191,https://ted.cathdb.info/uniprot/Q14191,AF-Q14191-F1-model_v4_TED06
YES,RAG1,P15918,TED01,95-210,116,76.7023,10.82,0.293,high,1,14,6,4,2,8,Histone PTM writers,https://www.ebi.ac.uk/interpro/protein/reviewed/P15918,https://ted.cathdb.info/uniprot/P15918,AF-P15918-F1-model_v4_TED01
YES,ZNF326,Q5BKZ1,TED01,312-383_404-467,136,83.6169,11.326,0.354,medium,2,14,10,6,4,4,RNA processing,https://www.ebi.ac.uk/interpro/protein/reviewed/Q5BKZ1,https://ted.cathdb.info/uniprot/Q5BKZ1,AF-Q5BKZ1-F1-model_v4_TED01
YES,ADNP,Q9H2P0,TED02,163-201_221-261,80,81.8974,10.743,0.3,high,2,13,8,3,5,5,Housekeeping DNA-binding TFs,https://www.ebi.ac.uk/interpro/protein/reviewed/Q9H2P0,https://ted.cathdb.info/uniprot/Q9H2P0,AF-Q9H2P0-F1-model_v4_TED02
YES,ZNF280D,Q6N043,TED02,612-682,71,72.8407,9.364,0.318,medium,1,13,5,3,2,8,Housekeeping DNA-binding TFs,https://www.ebi.ac.uk/interpro/protein/reviewed/Q6N043,https://ted.cathdb.info/uniprot/Q6N043,AF-Q6N043-F1-model_v4_TED02
YES,TRPS1,Q9UHF7,TED02,518-581_615-631,81,69.1533,8.576,0.317,medium,2,13,5,3,2,7,Housekeeping DNA-binding TFs,https://www.ebi.ac.uk/interpro/protein/reviewed/Q9UHF7,https://ted.cathdb.info/uniprot/Q9UHF7,AF-Q9UHF7-F1-model_v4_TED02
YES,ZFHX2,Q9C0A1,TED10,2443-2476_2486-2522,71,75.223,9.387,0.376,high,2,13,7,3,4,5,Non-Housekeeping DNA-binding TFs,https://www.ebi.ac.uk/interpro/protein/reviewed/Q9C0A1,https://ted.cathdb.info/uniprot/Q9C0A1,AF-Q9C0A1-F1-model_v4_TED10
YES,TEP1,Q99973,TED02,498-605_613-672,168,73.8859,11.714,0.35,medium,2,12,10,10,0,1,DNA-acting enzymes,https://www.ebi.ac.uk/interpro/protein/reviewed/Q99973,https://ted.cathdb.info/uniprot/Q99973,AF-Q99973-F1-model_v4_TED02
YES,ADNP,Q9H2P0,TED04,622-687,66,80.7739,10.103,0.291,high,1,12,5,2,3,7,Housekeeping DNA-binding TFs,https://www.ebi.ac.uk/interpro/protein/reviewed/Q9H2P0,https://ted.cathdb.info/uniprot/Q9H2P0,AF-Q9H2P0-F1-model_v4_TED04
YES,CASZ1,Q86V15,TED04,1154-1214,61,69.1603,9.292,0.303,medium,1,12,4,1,3,8,Non-Housekeeping DNA-binding TFs,https://www.ebi.ac.uk/interpro/protein/reviewed/Q86V15,https://ted.cathdb.info/uniprot/Q86V15,AF-Q86V15-F1-model_v4_TED04
YES,MBD3L2B,A0A1B0GVZ6,TED01,26-204,179,65.3922,6.841,0.468,medium,1,11,4,4,0,6,Methylated DNA binding,https://www.ebi.ac.uk/interpro/protein/reviewed/A0A1B0GVZ6,https://ted.cathdb.info/uniprot/A0A1B0GVZ6,AF-A0A1B0GVZ6-F1-model_v4_TED01
YES,ZBED2,Q9BTP6,TED01,57-114_142-207,124,86.0002,9.093,0.69,medium,2,11,6,3,3,5,Non-Housekeeping DNA-binding TFs,https://www.ebi.ac.uk/interpro/protein/reviewed/Q9BTP6,https://ted.cathdb.info/uniprot/Q9BTP6,AF-Q9BTP6-F1-model_v4_TED01
YES,CASZ1,Q86V15,TED01,460-525,66,76.7452,8.941,0.286,medium,1,11,6,3,3,5,Non-Housekeeping DNA-binding TFs,https://www.ebi.ac.uk/interpro/protein/reviewed/Q86V15,https://ted.cathdb.info/uniprot/Q86V15,AF-Q86V15-F1-model_v4_TED01
YES,RBM5,P52756,TED04,637-698,62,86.7881,11.048,0.333,high,1,11,7,4,3,4,RNA processing,https://www.ebi.ac.uk/interpro/protein/reviewed/P52756,https://ted.cathdb.info/uniprot/P52756,AF-P52756-F1-model_v4_TED04
YES,SFSWAP,Q12872,TED01,49-89,41,86.3276,9.5,0.35,medium,1,11,6,4,2,5,RNA processing,https://www.ebi.ac.uk/interpro/protein/reviewed/Q12872,https://ted.cathdb.info/uniprot/Q12872,AF-Q12872-F1-model_v4_TED01
YES,IK,Q13123,TED02,230-273,44,79.1416,7.85,0.396,medium,1,11,4,2,2,7,RNA processing,https://www.ebi.ac.uk/interpro/protein/reviewed/Q13123,https://ted.cathdb.info/uniprot/Q13123,AF-Q13123-F1-model_v4_TED02
YES,SHLD1,Q8IYI0,TED01,118-165_184-205,70,82.2679,11.429,0.293,medium,2,11,4,4,0,5,Telomere-associated,https://www.ebi.ac.uk/interpro/protein/reviewed/Q8IYI0,https://ted.cathdb.info/uniprot/Q8IYI0,AF-Q8IYI0-F1-model_v4_TED01
YES,FBXO28,Q9NVF7,TED01,67-222,156,93.666,12.029,0.352,high,1,10,7,7,0,2,Centromere-associated,https://www.ebi.ac.uk/interpro/protein/reviewed/Q9NVF7,https://ted.cathdb.info/uniprot/Q9NVF7,AF-Q9NVF7-F1-model_v4_TED01
YES,THAP9,Q9H5L6,TED02,170-238,69,76.097,11.667,0.267,high,1,10,5,5,0,4,DNA-acting enzymes,https://www.ebi.ac.uk/interpro/protein/reviewed/Q9H5L6,https://ted.cathdb.info/uniprot/Q9H5L6,AF-Q9H5L6-F1-model_v4_TED02
YES,UBN1,Q9NPG3,TED03,441-490_511-585,125,85.9747,11.941,0.438,medium,2,10,5,5,0,4,Histone chaperones,https://www.ebi.ac.uk/interpro/protein/reviewed/Q9NPG3,https://ted.cathdb.info/uniprot/Q9NPG3,AF-Q9NPG3-F1-model_v4_TED03
YES,MIER1,Q8N108,TED01,202-237_248-285,74,80.7676,10.5,0.334,medium,2,10,5,5,0,4,Histone modification,https://www.ebi.ac.uk/interpro/protein/reviewed/Q8N108,https://ted.cathdb.info/uniprot/Q8N108,AF-Q8N108-F1-model_v4_TED01
YES,ADNP2,Q6IQ32,TED02,161-190_211-251,71,86.8845,11.111,0.272,medium,2,10,6,3,3,3,Housekeeping DNA-binding TFs,https://www.ebi.ac.uk/interpro/protein/reviewed/Q6IQ32,https://ted.cathdb.info/uniprot/Q6IQ32,AF-Q6IQ32-F1-model_v4_TED02
YES,CREBRF,Q8IUR6,TED01,487-621,135,90.5879,10.767,0.518,medium,1,10,6,6,0,4,Housekeeping DNA-binding TFs,https://www.ebi.ac.uk/interpro/protein/reviewed/Q8IUR6,https://ted.cathdb.info/uniprot/Q8IUR6,AF-Q8IUR6-F1-model_v4_TED01
YES,TRPS1,Q9UHF7,TED01,307-359,53,76.8315,10.65,0.284,high,1,10,5,1,4,5,Housekeeping DNA-binding TFs,https://www.ebi.ac.uk/interpro/protein/reviewed/Q9UHF7,https://ted.cathdb.info/uniprot/Q9UHF7,AF-Q9UHF7-F1-model_v4_TED01
YES,ZNF516,Q92618,TED04,332-362_406-426,52,71.4404,8.87,0.342,medium,2,10,4,2,2,6,Housekeeping DNA-binding TFs,https://www.ebi.ac.uk/interpro/protein/reviewed/Q92618,https://ted.cathdb.info/uniprot/Q92618,AF-Q92618-F1-model_v4_TED04
YES,MBD2,Q9UBB5,TED02,301-364,64,85.9191,9.222,0.307,medium,1,10,2,2,0,7,Methylated DNA binding,https://www.ebi.ac.uk/interpro/protein/reviewed/Q9UBB5,https://ted.cathdb.info/uniprot/Q9UBB5,AF-Q9UBB5-F1-model_v4_TED02
YES,ZFAT,Q9P243,TED01,12-50,39,77.5859,10.353,0.273,high,1,10,5,2,3,5,Non-Housekeeping DNA-binding TFs,https://www.ebi.ac.uk/interpro/protein/reviewed/Q9P243,https://ted.cathdb.info/uniprot/Q9P243,AF-Q9P243-F1-model_v4_TED01
YES,CASZ1,Q86V15,TED02,645-696,52,84.2992,9.538,0.303,medium,1,10,4,1,3,6,Non-Housekeeping DNA-binding TFs,https://www.ebi.ac.uk/interpro/protein/reviewed/Q86V15,https://ted.cathdb.info/uniprot/Q86V15,AF-Q86V15-F1-model_v4_TED02
YES,CASZ1,Q86V15,TED05,1548-1597,50,84.1386,9.062,0.281,high,1,10,4,1,3,5,Non-Housekeeping DNA-binding TFs,https://www.ebi.ac.uk/interpro/protein/reviewed/Q86V15,https://ted.cathdb.info/uniprot/Q86V15,AF-Q86V15-F1-model_v4_TED05
YES,NOL10,Q9BSC4,TED02,372-415,44,84.5545,10.304,0.252,high,1,10,6,3,3,4,Preribosome-associated,https://www.ebi.ac.uk/interpro/protein/reviewed/Q9BSC4,https://ted.cathdb.info/uniprot/Q9BSC4,AF-Q9BSC4-F1-model_v4_TED02
YES,NCAPD3,P42695,TED03,1099-1161_1180-1270,154,79.5101,11.471,0.298,medium,2,10,8,8,0,2,SMC complexes,https://www.ebi.ac.uk/interpro/protein/reviewed/P42695,https://ted.cathdb.info/uniprot/P42695,AF-P42695-F1-model_v4_TED03
YES,ERVK-9,P63128,TED06,885-917,33,57.0479,8.353,0.289,medium,1,9,3,1,2,6,DNA-acting enzymes,https://www.ebi.ac.uk/interpro/protein/reviewed/P63128,https://ted.cathdb.info/uniprot/P63128,AF-P63128-F1-model_v4_TED06
YES,CASZ1,Q86V15,TED03,1008-1059,52,84.341,10.217,0.307,high,1,9,4,1,3,5,Non-Housekeeping DNA-binding TFs,https://www.ebi.ac.uk/interpro/protein/reviewed/Q86V15,https://ted.cathdb.info/uniprot/Q86V15,AF-Q86V15-F1-model_v4_TED03
YES,ZNF280C,Q8ND82,TED03,680-721,42,81.2898,10.111,0.278,medium,1,9,4,1,3,4,Non-Housekeeping DNA-binding TFs,https://www.ebi.ac.uk/interpro/protein/reviewed/Q8ND82,https://ted.cathdb.info/uniprot/Q8ND82,AF-Q8ND82-F1-model_v4_TED03
YES,EPC1,Q9H2F5,TED01,105-183,79,87.9995,11.625,0.278,high,1,8,5,5,0,2,Chromatin remodelers,https://www.ebi.ac.uk/interpro/protein/reviewed/Q9H2F5,https://ted.cathdb.info/uniprot/Q9H2F5,AF-Q9H2F5-F1-model_v4_TED01
YES,UBN1,Q9NPG3,TED02,358-421,64,87.2028,10.806,0.284,medium,1,8,3,3,0,5,Histone chaperones,https://www.ebi.ac.uk/interpro/protein/reviewed/Q9NPG3,https://ted.cathdb.info/uniprot/Q9NPG3,AF-Q9NPG3-F1-model_v4_TED02
YES,RLF,Q13129,TED09,1530-1598,69,79.211,10.808,0.296,medium,1,8,5,3,2,3,Housekeeping DNA-binding TFs,https://www.ebi.ac.uk/interpro/protein/reviewed/Q13129,https://ted.cathdb.info/uniprot/Q13129,AF-Q13129-F1-model_v4_TED09
YES,ZNF355P,Q9NSJ1,TED01,28-68,41,59.2824,8.85,0.281,medium,1,8,4,2,2,4,Non-Housekeeping DNA-binding TFs,https://www.ebi.ac.uk/interpro/protein/reviewed/Q9NSJ1,https://ted.cathdb.info/uniprot/Q9NSJ1,AF-Q9NSJ1-F1-model_v4_TED01
YES,SON,P18583,TED02,2269-2333,65,66.0455,8.314,0.375,medium,1,8,3,3,0,4,RNA processing,https://www.ebi.ac.uk/interpro/protein/reviewed/P18583,https://ted.cathdb.info/uniprot/P18583,AF-P18583-F1-model_v4_TED02
YES,BTAF1,O14981,TED03,769-863,95,86.3145,11.45,0.319,medium,1,7,4,4,0,2,Chromatin remodelers,https://www.ebi.ac.uk/interpro/protein/reviewed/O14981,https://ted.cathdb.info/uniprot/O14981,AF-O14981-F1-model_v4_TED03
YES,DMAP1,Q9NPF5,TED03,322-396,75,90.1721,10.364,0.408,high,1,7,3,3,0,3,Chromatin remodelers,https://www.ebi.ac.uk/interpro/protein/reviewed/Q9NPF5,https://ted.cathdb.info/uniprot/Q9NPF5,AF-Q9NPF5-F1-model_v4_TED03
YES,MMS22L,Q6ZRQ5,TED06,1166-1243,78,83.8627,11.2,0.257,medium,1,7,4,4,0,3,DNA replication,https://www.ebi.ac.uk/interpro/protein/reviewed/Q6ZRQ5,https://ted.cathdb.info/uniprot/Q6ZRQ5,AF-Q6ZRQ5-F1-model_v4_TED06
YES,GEN1,Q17RS7,TED02,260-298,39,78.1738,8.875,0.316,medium,1,7,1,1,0,6,DNA-acting enzymes,https://www.ebi.ac.uk/interpro/protein/reviewed/Q17RS7,https://ted.cathdb.info/uniprot/Q17RS7,AF-Q17RS7-F1-model_v4_TED02
YES,ERVK-10,P10266,TED07,924-964_1003-1014,53,38.0051,7.438,0.391,medium,2,7,3,0,3,3,DNA-acting enzymes,https://www.ebi.ac.uk/interpro/protein/reviewed/P10266,https://ted.cathdb.info/uniprot/P10266,AF-P10266-F1-model_v4_TED07
YES,TADA3,O75528,TED01,18-75_342-428,145,92.9828,9.772,0.548,medium,2,7,5,5,0,2,General TFs,https://www.ebi.ac.uk/interpro/protein/reviewed/O75528,https://ted.cathdb.info/uniprot/O75528,AF-O75528-F1-model_v4_TED01
YES,BRD9,Q9H8M2,TED02,322-360,39,62.5746,8.812,0.335,medium,1,7,4,1,3,2,Histone PTM readers,https://www.ebi.ac.uk/interpro/protein/reviewed/Q9H8M2,https://ted.cathdb.info/uniprot/Q9H8M2,AF-Q9H8M2-F1-model_v4_TED02
YES,WIZ,O95785,TED02,1400-1460,61,78.5349,10.25,0.295,medium,1,7,2,2,0,3,Housekeeping DNA-binding TFs,https://www.ebi.ac.uk/interpro/protein/reviewed/O95785,https://ted.cathdb.info/uniprot/O95785,AF-O95785-F1-model_v4_TED02
YES,WIZ,O95785,TED03,1588-1624,37,75.7632,9.412,0.27,high,1,7,4,1,3,3,Housekeeping DNA-binding TFs,https://www.ebi.ac.uk/interpro/protein/reviewed/O95785,https://ted.cathdb.info/uniprot/O95785,AF-O95785-F1-model_v4_TED03
YES,MED15,Q96RN5,TED02,542-600,59,82.2058,11.591,0.287,high,1,7,4,4,0,3,Regulation of transcription,https://www.ebi.ac.uk/interpro/protein/reviewed/Q96RN5,https://ted.cathdb.info/uniprot/Q96RN5,AF-Q96RN5-F1-model_v4_TED02
YES,RECQL5,O94762,TED04,911-985,75,84.8612,12.152,0.26,high,1,6,4,4,0,2,DNA-acting enzymes,https://www.ebi.ac.uk/interpro/protein/reviewed/O94762,https://ted.cathdb.info/uniprot/O94762,AF-O94762-F1-model_v4_TED04
YES,EXOSC10,Q01780,TED01,38-128,91,80.2503,9.0,0.344,high,1,6,4,4,0,2,Euchromatin-associated,https://www.ebi.ac.uk/interpro/protein/reviewed/Q01780,https://ted.cathdb.info/uniprot/Q01780,AF-Q01780-F1-model_v4_TED01
YES,BRD9,Q9H8M2,TED03,399-465,67,82.6964,10.037,0.294,high,1,6,4,4,0,2,Histone PTM readers,https://www.ebi.ac.uk/interpro/protein/reviewed/Q9H8M2,https://ted.cathdb.info/uniprot/Q9H8M2,AF-Q9H8M2-F1-model_v4_TED03
YES,BRPF1,P55201,TED01,8-45,38,86.1082,9.636,0.306,high,1,6,4,2,2,2,Histone modification,https://www.ebi.ac.uk/interpro/protein/reviewed/P55201,https://ted.cathdb.info/uniprot/P55201,AF-P55201-F1-model_v4_TED01
YES,RLF,Q13129,TED07,950-974,25,81.5776,8.0,0.263,high,1,6,3,1,2,2,Housekeeping DNA-binding TFs,https://www.ebi.ac.uk/interpro/protein/reviewed/Q13129,https://ted.cathdb.info/uniprot/Q13129,AF-Q13129-F1-model_v4_TED07
YES,MBD3,O95983,TED02,164-219,56,88.9727,9.281,0.285,medium,1,6,3,3,0,2,Methylated DNA binding,https://www.ebi.ac.uk/interpro/protein/reviewed/O95983,https://ted.cathdb.info/uniprot/O95983,AF-O95983-F1-model_v4_TED02
YES,MPHOSPH6,Q99547,TED01,16-40,25,82.5676,7.5,0.285,medium,1,6,1,1,0,5,RNA processing,https://www.ebi.ac.uk/interpro/protein/reviewed/Q99547,https://ted.cathdb.info/uniprot/Q99547,AF-Q99547-F1-model_v4_TED01
YES,NCAPH2,Q6IBW4,TED01,2-93,92,77.3514,10.279,0.423,high,1,6,4,4,0,2,SMC complexes,https://www.ebi.ac.uk/interpro/protein/reviewed/Q6IBW4,https://ted.cathdb.info/uniprot/Q6IBW4,AF-Q6IBW4-F1-model_v4_TED01
YES,SUGT1,Q9Y2Z0,TED03,303-365,63,79.6451,10.259,0.298,medium,1,5,3,3,0,2,Centromere-associated,https://www.ebi.ac.uk/interpro/protein/reviewed/Q9Y2Z0,https://ted.cathdb.info/uniprot/Q9Y2Z0,AF-Q9Y2Z0-F1-model_v4_TED03
YES,BCL7C,Q8WUZ0,TED01,3-61,59,84.162,8.625,0.466,medium,1,5,4,2,2,1,Chromatin remodelers,https://www.ebi.ac.uk/interpro/protein/reviewed/Q8WUZ0,https://ted.cathdb.info/uniprot/Q8WUZ0,AF-Q8WUZ0-F1-model_v4_TED01
YES,RHNO1,Q9BSD3,TED01,203-232,30,87.2763,9.273,0.3,high,1,5,3,3,0,1,DNA repair,https://www.ebi.ac.uk/interpro/protein/reviewed/Q9BSD3,https://ted.cathdb.info/uniprot/Q9BSD3,AF-Q9BSD3-F1-model_v4_TED01
YES,DCLRE1A,Q6PJP8,TED01,130-177,48,85.7444,7.45,0.284,high,1,5,3,3,0,2,DNA-acting enzymes,https://www.ebi.ac.uk/interpro/protein/reviewed/Q6PJP8,https://ted.cathdb.info/uniprot/Q6PJP8,AF-Q6PJP8-F1-model_v4_TED01
YES,PRMT7,Q9NVM4,TED01,1-31,31,76.5158,8.0,0.308,medium,1,5,3,1,2,2,Histone PTM writers,https://www.ebi.ac.uk/interpro/protein/reviewed/Q9NVM4,https://ted.cathdb.info/uniprot/Q9NVM4,AF-Q9NVM4-F1-model_v4_TED01
YES,ZNF644,Q9H582,TED02,1038-1085,48,82.6496,10.333,0.285,medium,1,5,2,2,0,3,Housekeeping DNA-binding TFs,https://www.ebi.ac.uk/interpro/protein/reviewed/Q9H582,https://ted.cathdb.info/uniprot/Q9H582,AF-Q9H582-F1-model_v4_TED02
YES,MLXIPL,Q9NP71,TED01,85-150,66,68.8,9.938,0.278,medium,1,5,2,2,0,2,Non-Housekeeping DNA-binding TFs,https://www.ebi.ac.uk/interpro/protein/reviewed/Q9NP71,https://ted.cathdb.info/uniprot/Q9NP71,AF-Q9NP71-F1-model_v4_TED01
YES,MAK16,Q9BXY0,TED02,161-194,34,75.2809,8.429,0.273,medium,1,5,2,2,0,2,Preribosome-associated,https://www.ebi.ac.uk/interpro/protein/reviewed/Q9BXY0,https://ted.cathdb.info/uniprot/Q9BXY0,AF-Q9BXY0-F1-model_v4_TED02
YES,RTRAF,Q9Y224,TED02,123-174,52,75.1262,10.893,0.346,medium,1,5,3,3,0,2,RNA processing,https://www.ebi.ac.uk/interpro/protein/reviewed/Q9Y224,https://ted.cathdb.info/uniprot/Q9Y224,AF-Q9Y224-F1-model_v4_TED02
YES,TAF1D,Q9H5J8,TED01,143-196,54,81.8996,8.571,0.528,medium,1,5,3,3,0,1,Regulation of transcription,https://www.ebi.ac.uk/interpro/protein/reviewed/Q9H5J8,https://ted.cathdb.info/uniprot/Q9H5J8,AF-Q9H5J8-F1-model_v4_TED01
YES,NSMCE4A,Q9NXX6,TED02,161-195,35,69.1891,8.412,0.308,high,1,5,2,2,0,3,SMC complexes,https://www.ebi.ac.uk/interpro/protein/reviewed/Q9NXX6,https://ted.cathdb.info/uniprot/Q9NXX6,AF-Q9NXX6-F1-model_v4_TED02
YES,MTBP,Q96DY7,TED03,631-662,32,66.6597,8.25,0.281,medium,1,4,2,2,0,2,Centromere-associated,https://www.ebi.ac.uk/interpro/protein/reviewed/Q96DY7,https://ted.cathdb.info/uniprot/Q96DY7,AF-Q96DY7-F1-model_v4_TED03
YES,BCL7B,Q9BQE9,TED01,4-49,46,89.36,8.75,0.538,high,1,4,3,1,2,1,Chromatin remodelers,https://www.ebi.ac.uk/interpro/protein/reviewed/Q9BQE9,https://ted.cathdb.info/uniprot/Q9BQE9,AF-Q9BQE9-F1-model_v4_TED01
YES,BCL7A,Q4VC05,TED01,3-49,47,87.9113,8.6,0.553,medium,1,4,3,1,2,1,Chromatin remodelers,https://www.ebi.ac.uk/interpro/protein/reviewed/Q4VC05,https://ted.cathdb.info/uniprot/Q4VC05,AF-Q4VC05-F1-model_v4_TED01
YES,TRIM37,O94972,TED02,132-260,129,94.6473,9.611,0.83,medium,1,4,3,3,0,1,Histone modification,https://www.ebi.ac.uk/interpro/protein/reviewed/O94972,https://ted.cathdb.info/uniprot/O94972,AF-O94972-F1-model_v4_TED02
YES,PBX1,P40424,TED02,102-117_144-234,107,90.0587,10.929,0.431,high,2,4,3,3,0,1,Housekeeping DNA-binding TFs,https://www.ebi.ac.uk/interpro/protein/reviewed/P40424,https://ted.cathdb.info/uniprot/P40424,AF-P40424-F1-model_v4_TED02
YES,PBX2,P40425,TED02,112-129_153-245,111,89.6593,10.848,0.427,high,2,4,3,3,0,1,Housekeeping DNA-binding TFs,https://www.ebi.ac.uk/interpro/protein/reviewed/P40425,https://ted.cathdb.info/uniprot/P40425,AF-P40425-F1-model_v4_TED02
YES,PBX3,P40426,TED01,105-119_144-236,108,89.8344,10.786,0.428,high,2,4,3,3,0,1,Housekeeping DNA-binding TFs,https://www.ebi.ac.uk/interpro/protein/reviewed/P40426,https://ted.cathdb.info/uniprot/P40426,AF-P40426-F1-model_v4_TED01
YES,MLXIP,Q9HAP2,TED01,123-145_156-184,52,69.6123,8.913,0.338,medium,2,4,2,2,0,2,Housekeeping DNA-binding TFs,https://www.ebi.ac.uk/interpro/protein/reviewed/Q9HAP2,https://ted.cathdb.info/uniprot/Q9HAP2,AF-Q9HAP2-F1-model_v4_TED01
YES,TRIP4,Q15650,TED01,10-77,68,82.0932,12.148,0.266,high,1,4,4,4,0,0,Regulation of transcription,https://www.ebi.ac.uk/interpro/protein/reviewed/Q15650,https://ted.cathdb.info/uniprot/Q15650,AF-Q15650-F1-model_v4_TED01
YES,SLX4,Q8IY92,TED01,335-359,25,90.4088,8.1,0.281,medium,1,3,1,1,0,2,DNA recombination,https://www.ebi.ac.uk/interpro/protein/reviewed/Q8IY92,https://ted.cathdb.info/uniprot/Q8IY92,AF-Q8IY92-F1-model_v4_TED01
YES,TEX19,Q8NA77,TED01,6-43,38,73.0203,7.882,0.403,high,1,3,3,3,0,0,DNA recombination,https://www.ebi.ac.uk/interpro/protein/reviewed/Q8NA77,https://ted.cathdb.info/uniprot/Q8NA77,AF-Q8NA77-F1-model_v4_TED01
YES,WIZ,O95785,TED01,1228-1253,26,85.9912,8.778,0.274,medium,1,3,1,1,0,2,Housekeeping DNA-binding TFs,https://www.ebi.ac.uk/interpro/protein/reviewed/O95785,https://ted.cathdb.info/uniprot/O95785,AF-O95785-F1-model_v4_TED01
YES,ZNF644,Q9H582,TED03,1263-1287,25,88.6532,8.333,0.269,medium,1,3,1,1,0,2,Housekeeping DNA-binding TFs,https://www.ebi.ac.uk/interpro/protein/reviewed/Q9H582,https://ted.cathdb.info/uniprot/Q9H582,AF-Q9H582-F1-model_v4_TED03
YES,VSX1,Q9NZR4,TED02,227-255,29,63.5221,8.529,0.308,medium,1,3,2,2,0,1,Non-Housekeeping DNA-binding TFs,https://www.ebi.ac.uk/interpro/protein/reviewed/Q9NZR4,https://ted.cathdb.info/uniprot/Q9NZR4,AF-Q9NZR4-F1-model_v4_TED02
YES,TFAP4,Q01664,TED01,17-74,58,80.2933,8.409,0.477,medium,1,3,2,2,0,1,Non-Housekeeping DNA-binding TFs,https://www.ebi.ac.uk/interpro/protein/reviewed/Q01664,https://ted.cathdb.info/uniprot/Q01664,AF-Q01664-F1-model_v4_TED01
YES,AATF,Q9NY61,TED01,460-500,41,68.582,9.5,0.309,medium,1,3,2,2,0,1,Preribosome-associated,https://www.ebi.ac.uk/interpro/protein/reviewed/Q9NY61,https://ted.cathdb.info/uniprot/Q9NY61,AF-Q9NY61-F1-model_v4_TED01
YES,RTRAF,Q9Y224,TED03,182-234,53,79.7802,8.367,0.459,medium,1,3,2,2,0,0,RNA processing,https://www.ebi.ac.uk/interpro/protein/reviewed/Q9Y224,https://ted.cathdb.info/uniprot/Q9Y224,AF-Q9Y224-F1-model_v4_TED03
YES,EID3,Q8N140,TED02,114-134_143-162,41,75.7934,9.08,0.3,medium,2,3,2,2,0,1,SMC complexes,https://www.ebi.ac.uk/interpro/protein/reviewed/Q8N140,https://ted.cathdb.info/uniprot/Q8N140,AF-Q8N140-F1-model_v4_TED02
YES,NCAPH,Q15003,TED02,245-269,25,70.7452,8.5,0.361,medium,1,3,3,3,0,0,SMC complexes,https://www.ebi.ac.uk/interpro/protein/reviewed/Q15003,https://ted.cathdb.info/uniprot/Q15003,AF-Q15003-F1-model_v4_TED02
YES,MND1,Q9BWT6,TED03,149-194,46,92.2996,9.45,0.413,high,1,2,2,2,0,0,DNA recombination,https://www.ebi.ac.uk/interpro/protein/reviewed/Q9BWT6,https://ted.cathdb.info/uniprot/Q9BWT6,AF-Q9BWT6-F1-model_v4_TED03
YES,PBX2,P40425,TED01,65-99,35,85.7274,9.071,0.377,medium,1,2,2,2,0,0,Housekeeping DNA-binding TFs,https://www.ebi.ac.uk/interpro/protein/reviewed/P40425,https://ted.cathdb.info/uniprot/P40425,AF-P40425-F1-model_v4_TED01
YES,ZFHX2,Q9C0A1,TED08,1489-1525,37,69.6041,9.8,0.299,medium,1,2,2,2,0,0,Non-Housekeeping DNA-binding TFs,https://www.ebi.ac.uk/interpro/protein/reviewed/Q9C0A1,https://ted.cathdb.info/uniprot/Q9C0A1,AF-Q9C0A1-F1-model_v4_TED08
YES,PNN,Q9H307,TED01,2-34_137-207,104,88.1,10.059,0.688,medium,2,2,2,2,0,0,RNA processing,https://www.ebi.ac.uk/interpro/protein/reviewed/Q9H307,https://ted.cathdb.info/uniprot/Q9H307,AF-Q9H307-F1-model_v4_TED01
YES,PML,P29590,TED02,232-361,130,94.1596,9.931,0.909,medium,1,2,2,2,0,0,Telomere-associated,https://www.ebi.ac.uk/interpro/protein/reviewed/P29590,https://ted.cathdb.info/uniprot/P29590,AF-P29590-F1-model_v4_TED02
YES,GGN,Q86UU5,TED01,622-647,26,64.1062,7.867,0.31,medium,1,1,1,1,0,0,DNA repair,https://www.ebi.ac.uk/interpro/protein/reviewed/Q86UU5,https://ted.cathdb.info/uniprot/Q86UU5,AF-Q86UU5-F1-model_v4_TED01
